Date,News mentions,Blog mentions,Policy mentions,Patent mentions,Twitter mentions,Peer review mentions,Weibo mentions,Facebook mentions,Wikipedia mentions,Google+ mentions,LinkedIn mentions,Reddit mentions,Pinterest mentions,F1000 mentions,Q&A mentions,Video mentions
2001-01-01,0,1,0,0,0,0,0,0,0,0,0,0,0,0,0,0
2017-03-28,0,1,0,0,0,0,0,0,0,0,0,0,0,0,0,0
2017-04-14,0,0,0,0,1,0,0,0,0,0,0,0,0,0,0,0
2017-11-01,0,0,0,0,3,0,0,0,0,0,0,0,0,0,0,0
2017-11-02,0,0,0,0,1,0,0,0,0,0,0,0,0,0,0,0
2017-11-03,0,0,0,0,1,0,0,0,0,0,0,0,0,0,0,0
2017-11-28,0,0,0,0,0,0,0,1,0,0,0,0,0,0,0,0
2017-11-30,0,0,0,0,1,0,0,0,0,0,0,0,0,0,0,0
2017-12-01,0,0,0,0,4,0,0,0,0,0,0,0,0,0,0,0
2017-12-05,0,1,0,0,0,0,0,0,0,0,0,0,0,0,0,0
2017-12-08,0,0,0,0,0,0,0,0,0,1,0,0,0,0,0,0
2017-12-18,0,0,0,0,1,0,0,0,0,0,0,0,0,0,0,0
2017-12-20,0,1,0,0,0,0,0,0,0,0,0,0,0,0,0,0
2017-12-24,0,1,0,0,0,0,0,0,0,0,0,0,0,0,0,0
2018-01-01,0,0,1,0,0,0,0,0,0,0,0,0,0,0,0,0
2018-01-04,0,0,0,0,2,0,0,0,0,0,0,0,0,0,0,0
2018-01-05,0,0,0,0,2,0,0,0,0,0,0,0,0,0,0,0
2018-01-06,0,0,0,0,1,0,0,0,0,0,0,0,0,0,0,0
2018-01-08,0,0,0,0,1,0,0,0,0,0,0,0,0,0,0,0
2018-01-09,0,0,0,0,2,0,0,1,0,0,0,0,0,0,0,0
2018-01-10,2,0,0,0,10,0,0,0,0,0,0,0,0,0,0,0
2018-01-11,9,0,0,0,60,0,0,1,0,0,0,0,0,0,0,0
2018-01-12,0,0,0,0,26,0,0,3,0,0,0,0,0,0,0,0
2018-01-13,0,0,0,0,8,0,0,0,0,0,0,0,0,0,0,0
2018-01-14,0,0,0,0,3,0,0,0,0,0,0,0,0,0,0,0
2018-01-15,0,0,0,0,9,0,0,0,0,0,0,0,0,0,0,0
2018-01-16,0,0,0,0,10,0,0,2,0,0,0,0,0,0,0,0
2018-01-17,0,0,0,0,9,0,0,0,0,0,0,0,0,0,0,0
2018-01-18,0,0,0,0,1,0,0,0,0,0,0,0,0,0,0,0
2018-01-19,0,0,0,0,7,0,0,1,0,0,0,0,0,0,0,0
2018-01-21,0,0,0,0,1,0,0,0,0,0,0,0,0,0,0,0
2018-01-23,0,0,0,0,5,0,0,0,0,0,0,0,0,0,0,0
2018-01-24,0,0,0,0,4,0,0,0,0,0,0,0,0,0,0,0
2018-01-26,0,0,0,0,2,0,0,1,0,0,0,0,0,0,0,0
2018-01-27,0,0,0,0,1,0,0,0,0,0,0,0,0,0,0,0
2018-01-30,0,0,0,0,2,0,0,0,0,0,0,0,0,0,0,0
2018-02-01,0,0,0,0,6,0,0,0,0,0,0,0,0,0,0,0
2018-02-02,0,0,0,0,1,0,0,0,0,0,0,0,0,0,0,0
2018-02-05,0,0,0,0,3,0,0,0,0,0,0,0,0,0,0,0
2018-02-08,0,0,0,0,8,0,0,0,0,0,0,0,0,0,0,0
2018-02-09,0,0,0,0,29,0,0,0,0,0,0,0,0,0,0,0
2018-02-10,0,0,0,0,10,0,0,0,0,0,0,0,0,0,0,0
2018-02-11,0,0,0,0,1,0,0,0,0,0,0,0,0,0,0,0
2018-02-12,0,0,0,0,1,0,0,0,0,0,0,0,0,0,0,0
2018-02-13,0,0,0,0,2,0,0,0,0,0,0,0,0,0,0,0
2018-02-14,0,0,0,0,1,0,0,0,0,0,0,0,0,0,0,0
2018-02-16,0,0,0,0,1,0,0,0,0,0,0,0,0,0,0,0
2018-02-18,0,0,0,0,1,0,0,0,0,0,0,0,0,0,0,0
2018-02-20,0,0,0,0,6,0,0,0,0,0,0,0,0,0,0,0
2018-02-26,0,0,0,0,11,0,0,0,0,0,0,0,0,0,0,0
2018-02-27,0,0,0,0,8,0,0,0,0,0,0,0,0,0,0,0
2018-02-28,0,0,0,0,1,0,0,0,0,0,0,0,0,0,0,0
2018-03-01,0,0,0,0,3,0,0,0,0,0,0,0,0,0,0,0
2018-03-06,17,2,0,0,68,0,0,0,0,0,0,0,0,0,0,4
2018-03-07,11,1,0,0,265,0,0,2,0,0,0,0,0,0,0,0
2018-03-08,2,1,0,0,92,0,0,3,0,0,0,0,0,0,0,1
2018-03-09,5,0,0,0,58,0,0,3,0,0,0,0,0,0,0,0
2018-03-10,0,0,0,0,76,0,0,1,0,1,0,0,0,0,0,0
2018-03-11,0,0,0,0,36,0,0,0,0,0,0,0,0,0,0,0
2018-03-12,8,1,0,0,151,0,0,3,0,0,0,0,0,0,0,0
2018-03-13,22,3,0,0,179,0,0,4,0,0,0,0,0,0,0,0
2018-03-14,2,2,0,0,48,0,0,4,0,0,0,0,0,0,0,0
2018-03-15,2,0,0,0,75,0,0,1,0,0,0,0,0,0,0,0
2018-03-16,4,1,0,0,34,0,0,0,0,0,0,0,0,0,0,0
2018-03-17,0,0,0,0,24,0,0,1,0,0,0,0,0,0,0,0
2018-03-18,0,1,0,0,13,0,0,0,0,0,0,0,0,0,0,0
2018-03-19,2,0,0,0,20,0,0,0,0,0,0,0,0,0,0,0
2018-03-20,2,0,0,0,27,0,0,0,0,0,0,0,0,1,0,0
2018-03-21,5,0,0,0,53,0,0,2,0,0,0,0,0,0,0,0
2018-03-22,4,1,0,0,165,0,0,2,0,0,0,0,0,0,0,0
2018-03-23,2,0,0,0,33,0,0,0,0,0,0,0,0,0,0,0
2018-03-24,0,0,0,0,8,0,0,0,0,0,0,0,0,0,0,0
2018-03-25,0,0,0,0,22,0,0,2,0,0,0,0,0,0,0,0
2018-03-26,2,0,0,0,14,0,0,1,0,0,0,0,0,0,0,0
2018-03-27,1,0,0,0,21,0,0,0,0,0,0,0,0,0,0,0
2018-03-28,6,0,0,0,30,0,0,1,0,0,0,0,0,0,0,0
2018-03-29,3,0,0,0,35,0,0,4,0,0,0,0,0,0,0,0
2018-03-30,1,0,0,0,23,0,0,0,0,0,0,0,0,0,0,0
2018-03-31,1,0,0,0,3,0,0,0,0,0,0,0,0,0,0,0
2018-04-01,0,0,0,0,23,0,0,0,0,0,0,0,0,0,0,0
2018-04-02,0,0,0,0,26,0,0,2,0,0,0,0,0,0,0,0
2018-04-03,0,0,0,0,20,0,0,0,0,0,0,0,0,0,0,0
2018-04-04,0,0,0,0,11,0,0,0,0,0,0,0,0,0,0,0
2018-04-05,1,0,0,0,13,0,0,0,0,0,0,0,0,0,0,0
2018-04-06,0,1,0,0,12,0,0,0,0,0,0,0,0,0,0,0
2018-04-07,0,0,0,0,2,0,0,0,0,0,0,0,0,0,0,0
2018-04-08,0,0,0,0,14,0,0,0,0,0,0,0,0,0,0,0
2018-04-09,1,1,0,0,5,0,0,0,0,0,0,0,0,0,0,0
2018-04-10,1,1,0,0,3,0,0,0,0,0,0,0,0,0,0,0
2018-04-11,1,0,0,0,5,0,0,0,0,0,0,0,0,0,0,0
2018-04-12,43,0,0,0,14,0,0,0,0,0,0,0,0,5,0,0
2018-04-13,148,7,0,0,887,0,0,21,0,1,0,3,0,0,0,0
2018-04-14,19,2,0,0,328,0,0,2,0,0,0,0,0,0,0,0
2018-04-15,2,0,0,0,300,0,0,2,0,1,0,0,0,0,0,0
2018-04-16,6,4,0,0,170,0,0,7,0,1,0,1,0,0,0,2
2018-04-17,7,0,0,0,86,0,0,5,1,0,0,1,0,0,0,0
2018-04-18,5,0,0,0,64,0,0,1,0,0,0,0,0,0,0,0
2018-04-19,3,0,0,0,25,0,0,1,0,0,0,0,0,0,0,0
2018-04-20,2,1,0,0,72,0,0,1,0,0,0,0,0,0,0,1
2018-04-21,0,0,0,0,33,0,0,1,0,0,0,0,0,0,0,0
2018-04-22,1,0,0,0,13,0,0,2,0,0,0,0,0,0,0,0
2018-04-23,0,1,0,0,30,0,0,3,0,0,0,0,0,0,0,0
2018-04-24,3,0,0,0,150,0,0,3,0,0,0,0,0,0,0,0
2018-04-25,2,0,0,0,103,0,0,1,0,1,0,0,0,0,0,0
2018-04-26,18,0,0,0,33,0,0,0,0,0,0,0,0,0,0,0
2018-04-27,0,0,0,0,44,0,0,2,0,0,0,0,0,0,0,0
2018-04-28,1,0,0,0,23,0,0,2,0,0,0,0,0,0,0,0
2018-04-29,1,0,0,0,32,0,0,1,0,0,0,0,0,0,0,0
2018-04-30,86,8,0,0,247,0,0,8,0,1,0,1,0,0,0,0
2018-05-01,32,3,1,0,439,0,0,8,0,2,0,0,0,0,0,0
2018-05-02,15,1,0,0,134,0,0,6,0,0,0,0,0,0,0,0
2018-05-03,9,2,0,0,91,0,0,3,0,0,0,0,0,0,0,0
2018-05-04,8,0,0,0,35,0,0,1,0,0,0,0,0,0,0,0
2018-05-05,7,0,0,0,36,0,0,3,0,0,0,0,0,0,0,0
2018-05-06,3,0,0,0,32,0,0,1,0,0,0,0,0,0,0,0
2018-05-07,1,0,0,0,50,0,0,1,0,0,0,0,0,0,0,0
2018-05-08,3,1,0,0,38,0,0,3,0,0,0,0,0,0,0,0
2018-05-09,2,0,0,0,72,0,0,1,0,0,0,0,0,0,0,0
2018-05-10,1,0,0,0,80,0,0,1,0,0,0,0,0,0,0,0
2018-05-11,3,0,0,0,42,0,0,1,0,0,0,0,0,0,0,0
2018-05-12,0,0,0,0,15,0,0,0,0,0,0,0,0,0,0,0
2018-05-13,0,0,0,0,15,0,0,0,0,0,0,0,0,0,0,1
2018-05-14,1,0,0,0,11,0,0,0,0,0,0,0,0,0,0,0
2018-05-15,16,0,0,0,36,0,0,3,0,0,0,0,0,0,0,0
2018-05-16,1,0,0,0,101,0,0,1,0,0,0,0,0,0,0,0
2018-05-17,2,1,0,0,17,0,0,0,0,0,0,0,0,0,0,0
2018-05-18,4,1,0,0,23,0,0,0,0,0,0,0,0,0,0,0
2018-05-19,0,0,0,0,15,0,0,0,0,0,0,0,0,0,0,0
2018-05-20,0,0,0,0,5,0,0,0,0,0,0,0,0,0,0,0
2018-05-21,1,1,0,0,25,0,0,1,0,0,0,0,0,0,0,0
2018-05-22,6,0,0,0,82,0,0,1,0,0,0,0,0,0,0,0
2018-05-23,1,0,0,0,37,0,0,0,0,0,0,0,0,0,0,0
2018-05-24,0,0,0,0,5,0,0,0,0,0,0,0,0,0,0,0
2018-05-25,0,1,0,0,1,0,0,1,0,0,0,0,0,1,0,0
2018-05-26,0,1,0,0,20,0,0,0,0,0,0,0,0,0,0,0
2018-05-27,0,0,0,0,8,0,0,0,0,0,0,0,0,0,0,0
2018-05-28,0,2,0,0,11,0,0,0,0,0,0,0,0,0,0,0
2018-05-29,9,2,0,0,60,0,0,3,0,0,0,0,0,0,0,0
2018-05-30,0,0,0,0,82,0,0,1,0,0,0,0,0,0,0,0
2018-05-31,1,1,0,0,104,0,0,3,0,0,0,0,0,0,0,1
2018-06-01,4,0,0,0,19,0,0,1,0,1,0,0,0,0,0,0
2018-06-02,0,0,0,0,33,0,0,1,0,0,0,0,0,0,0,0
2018-06-03,0,0,0,0,13,0,0,3,0,0,0,0,0,0,0,1
2018-06-04,2,1,0,0,99,0,0,1,0,0,0,0,0,0,0,0
2018-06-05,1,0,0,0,70,0,0,1,0,0,0,0,0,0,0,0
2018-06-06,10,0,0,0,74,0,0,0,0,0,0,0,0,0,0,0
2018-06-07,5,1,0,0,257,0,0,4,0,1,0,0,0,0,0,0
2018-06-08,1,1,0,0,94,0,0,2,0,0,0,0,0,0,0,0
2018-06-09,0,1,0,0,28,0,0,0,0,0,0,0,0,0,0,0
2018-06-10,0,0,0,0,16,0,0,0,0,1,0,0,0,0,0,0
2018-06-11,4,1,0,0,21,0,0,1,0,0,0,0,0,1,0,0
2018-06-12,2,0,0,0,108,0,0,4,0,0,0,0,0,0,0,0
2018-06-13,0,0,0,0,48,0,0,5,0,0,0,0,0,3,0,0
2018-06-14,2,0,0,0,14,0,0,0,0,0,0,0,0,0,0,0
2018-06-15,3,0,0,0,9,0,0,0,0,0,0,0,0,0,0,0
2018-06-16,2,0,0,0,1,0,0,1,0,0,0,0,0,0,0,0
2018-06-17,2,0,0,0,1,0,0,0,0,0,0,0,0,0,0,0
2018-06-18,1,0,0,0,8,0,0,0,0,0,0,0,0,0,0,0
2018-06-19,2,0,0,0,15,0,0,0,0,0,0,0,0,0,0,0
2018-06-20,0,1,0,0,26,0,0,1,0,1,0,0,0,0,0,0
2018-06-21,16,5,0,0,275,0,0,4,0,1,0,0,0,0,0,0
2018-06-22,18,5,0,0,559,0,0,6,0,1,0,1,0,0,0,0
2018-06-23,3,1,0,0,124,0,0,1,0,2,0,0,0,0,0,0
2018-06-24,2,0,0,0,59,0,0,1,0,1,0,0,0,0,0,0
2018-06-25,26,2,0,0,39,0,0,1,0,0,0,0,0,0,0,0
2018-06-26,9,0,0,0,56,0,0,2,0,1,0,0,0,0,0,0
2018-06-27,2,1,0,0,45,0,0,0,0,1,0,0,0,2,0,0
2018-06-28,1,0,0,0,40,0,0,2,0,0,0,1,0,0,0,0
2018-06-29,1,0,0,0,29,0,0,1,0,0,0,0,0,1,0,0
2018-06-30,0,0,0,0,19,0,0,0,0,0,0,0,0,0,0,0
2018-07-01,0,1,0,0,25,0,0,1,0,0,0,0,0,0,0,0
2018-07-02,1,1,0,0,20,0,0,0,0,0,0,0,0,0,0,0
2018-07-03,0,1,0,0,16,0,0,0,0,0,0,0,0,0,0,0
2018-07-04,1,1,0,0,24,0,0,2,0,0,0,0,0,0,0,1
2018-07-05,4,1,0,0,37,0,0,0,0,0,0,0,0,0,0,0
2018-07-06,1,0,0,0,19,0,0,2,0,0,0,0,0,0,0,1
2018-07-07,0,0,0,0,8,0,0,0,0,0,0,0,0,0,0,0
2018-07-08,0,1,0,0,5,0,0,0,0,0,0,0,0,0,0,0
2018-07-09,10,0,0,0,66,0,0,2,0,0,0,0,0,0,0,0
2018-07-10,2,0,0,0,227,0,0,1,0,0,0,0,0,0,0,0
2018-07-11,2,1,0,0,83,0,0,1,0,0,0,0,0,0,0,0
2018-07-12,8,0,1,0,30,0,0,2,0,0,0,0,0,0,0,0
2018-07-13,6,0,0,0,229,0,0,1,0,0,0,2,0,0,0,0
2018-07-14,2,0,0,0,174,0,0,0,0,0,0,0,0,0,0,1
2018-07-15,2,0,0,0,43,0,0,0,0,1,0,0,0,0,0,0
2018-07-16,3,0,0,0,34,0,0,5,0,0,0,0,0,0,0,0
2018-07-17,3,0,0,0,13,0,0,6,0,0,0,0,0,0,0,0
2018-07-18,2,0,0,0,19,0,0,0,0,0,0,0,0,0,0,0
2018-07-19,3,0,0,0,134,0,0,3,0,0,0,0,0,0,0,0
2018-07-20,2,0,0,0,48,0,0,0,0,0,0,0,0,0,0,0
2018-07-21,0,0,0,0,24,0,0,1,0,0,0,0,0,0,0,0
2018-07-22,0,0,0,0,17,0,0,0,0,0,0,0,0,0,0,0
2018-07-23,8,0,0,0,140,0,0,2,0,0,0,0,0,0,0,0
2018-07-24,8,1,0,0,230,0,0,0,0,0,0,0,0,0,0,0
2018-07-25,5,0,0,0,61,0,0,1,0,0,0,0,0,0,0,0
2018-07-26,2,1,0,0,29,0,0,0,0,0,0,0,0,0,0,0
2018-07-27,2,0,0,0,86,0,0,2,0,1,0,1,0,0,0,0
2018-07-28,0,0,0,0,24,0,0,1,0,0,0,0,0,0,0,0
2018-07-29,0,0,0,0,13,0,0,0,0,0,0,0,0,0,0,0
2018-07-30,0,0,0,0,29,0,0,0,0,0,0,0,0,0,0,0
2018-07-31,1,0,0,0,18,0,0,2,0,0,0,0,0,0,0,0
2018-08-01,1,0,0,0,17,0,0,2,0,0,0,0,0,0,0,0
2018-08-02,0,0,0,0,4,0,0,0,0,0,0,0,0,0,0,0
2018-08-03,1,1,0,0,21,0,0,0,0,1,0,0,0,0,0,0
2018-08-04,1,0,0,0,14,0,0,0,0,0,0,0,0,0,0,0
2018-08-05,0,0,0,0,11,0,0,0,0,0,0,0,0,0,0,0
2018-08-06,1,1,0,0,17,0,0,1,0,0,0,0,0,0,0,0
2018-08-07,0,0,0,0,13,0,0,3,0,0,0,0,0,0,0,0
2018-08-08,0,0,0,0,19,0,0,0,0,0,0,0,0,0,0,0
2018-08-09,1,0,0,0,4,0,0,0,0,0,0,0,0,0,0,0
2018-08-10,2,0,0,0,20,0,0,3,0,0,0,0,0,0,0,0
2018-08-11,0,0,0,0,11,0,0,0,0,0,0,0,0,0,0,0
2018-08-12,0,0,0,0,26,0,0,0,0,0,0,0,0,0,0,0
2018-08-13,1,1,0,0,25,0,0,0,0,0,0,0,0,1,0,0
2018-08-14,0,0,0,0,10,0,0,0,0,0,0,0,0,0,0,0
2018-08-15,1,0,0,0,91,0,0,1,0,0,0,0,0,0,0,0
2018-08-16,0,1,0,0,52,0,0,0,0,0,0,0,0,0,0,0
2018-08-17,0,0,0,0,27,0,0,0,0,0,0,0,0,0,0,0
2018-08-18,0,0,0,0,5,0,0,1,0,0,0,0,0,0,0,0
2018-08-19,0,0,0,0,1,0,0,0,0,0,0,0,0,0,0,0
2018-08-20,0,1,0,0,16,0,0,0,0,0,0,0,0,0,0,0
2018-08-21,6,0,0,0,10,0,0,3,0,0,0,0,0,0,0,0
2018-08-22,77,2,0,0,65,0,0,4,0,1,0,1,0,0,0,0
2018-08-23,3,0,0,0,24,0,0,0,0,0,0,0,0,0,0,0
2018-08-24,5,0,0,0,99,0,0,0,0,0,0,0,0,0,0,0
2018-08-25,1,0,0,0,65,0,0,0,0,0,0,0,0,0,1,0
2018-08-26,0,0,0,0,14,0,0,0,0,0,0,0,0,0,0,0
2018-08-27,3,0,0,0,17,0,0,0,0,0,0,0,0,0,1,0
2018-08-28,11,1,0,0,34,0,0,1,0,0,0,0,0,0,0,0
2018-08-29,10,0,0,0,54,0,0,3,0,0,0,0,0,0,0,0
2018-08-30,27,3,0,0,96,0,0,1,0,1,0,0,0,0,0,0
2018-08-31,4,1,0,0,210,0,0,0,0,0,0,1,0,0,0,0
2018-09-01,1,0,0,0,85,0,0,1,0,0,0,0,0,0,0,0
2018-09-02,0,0,0,0,31,0,0,0,0,0,0,0,0,0,0,0
2018-09-03,1,0,0,0,28,0,0,0,0,0,0,0,0,0,0,0
2018-09-04,6,0,0,0,30,0,0,1,0,0,0,1,0,0,0,0
2018-09-05,17,1,0,0,16,0,0,1,0,0,0,0,0,0,0,0
2018-09-06,32,0,0,0,20,0,0,0,0,0,0,0,0,0,0,0
2018-09-07,6,0,0,0,115,0,0,6,0,0,0,0,0,0,0,0
2018-09-08,4,0,0,0,63,0,0,1,1,0,0,0,0,0,0,0
2018-09-09,2,0,0,0,77,0,0,1,0,0,0,0,0,0,0,0
2018-09-10,4,0,0,0,90,0,0,2,0,0,0,2,0,0,0,0
2018-09-11,5,0,0,0,157,0,0,0,0,0,0,0,0,0,0,0
2018-09-12,0,1,0,0,52,0,0,1,0,0,0,0,0,0,0,0
2018-09-13,0,0,0,0,18,0,0,1,0,0,0,0,0,0,0,0
2018-09-14,0,0,0,0,61,0,0,0,0,0,0,0,0,0,0,0
2018-09-15,0,1,0,0,22,0,0,0,0,0,0,0,0,0,0,0
2018-09-16,0,0,0,0,19,0,0,0,0,0,0,0,0,0,0,0
2018-09-17,0,0,0,0,13,0,0,0,0,0,0,0,0,0,0,0
2018-09-18,3,0,0,0,5,0,0,0,0,0,0,0,0,0,0,0
2018-09-19,1,2,0,0,10,0,0,0,0,0,0,0,0,0,0,0
2018-09-20,4,1,0,0,63,0,0,1,0,0,0,0,0,0,0,0
2018-09-21,1,0,0,0,22,0,0,1,0,0,0,0,0,0,0,0
2018-09-22,0,0,0,0,12,0,0,0,0,0,0,0,0,0,0,0
2018-09-23,1,0,0,0,18,0,0,0,0,0,0,0,0,0,0,0
2018-09-24,0,0,0,0,55,0,0,0,0,0,0,0,0,0,0,0
2018-09-25,0,0,0,0,32,0,0,0,0,0,0,0,0,0,0,0
2018-09-26,0,0,0,0,52,0,0,0,0,0,0,0,0,0,0,0
2018-09-27,0,0,0,0,14,0,0,0,0,0,0,0,0,0,0,0
2018-09-28,2,0,0,0,11,0,0,3,0,0,0,0,0,0,0,0
2018-09-29,0,0,0,0,5,0,0,0,0,0,0,0,0,0,0,0
2018-09-30,0,0,0,0,2,0,0,0,0,0,0,0,0,0,0,0
2018-10-01,21,0,0,0,14,0,0,1,0,0,0,0,0,0,0,0
2018-10-02,0,1,0,0,117,0,0,2,0,0,0,0,0,0,0,0
2018-10-03,0,0,0,0,112,0,0,1,0,0,0,0,0,0,0,0
2018-10-04,0,0,0,0,35,0,0,3,0,0,0,0,0,0,0,0
2018-10-05,1,0,0,0,16,0,0,1,0,0,0,0,0,0,0,0
2018-10-06,0,0,0,0,18,0,0,0,0,0,0,0,0,0,0,0
2018-10-07,1,0,0,0,10,0,0,0,0,0,0,0,0,0,0,0
2018-10-08,10,2,0,0,65,0,0,0,0,0,0,0,0,0,0,0
2018-10-09,3,0,0,0,130,0,0,3,0,0,0,0,0,0,0,0
2018-10-10,11,1,0,0,116,0,0,2,0,0,0,0,0,1,0,0
2018-10-11,3,2,0,0,173,0,0,5,0,0,0,0,0,0,0,0
2018-10-12,1,0,0,0,76,0,0,1,0,0,0,0,0,0,0,1
2018-10-13,1,0,0,0,34,0,0,1,0,0,0,0,0,0,0,0
2018-10-14,0,0,0,0,67,0,0,2,0,0,0,0,0,0,0,0
2018-10-15,1,0,0,0,41,0,0,1,0,0,0,0,0,0,0,0
2018-10-16,1,0,0,0,48,0,0,1,0,0,0,0,0,1,0,0
2018-10-17,4,0,0,0,65,0,0,1,0,0,0,0,0,0,0,0
2018-10-18,2,0,0,0,17,0,0,0,0,0,0,0,0,0,0,0
2018-10-19,1,1,0,0,14,0,0,1,0,0,0,0,0,0,0,0
2018-10-20,0,0,0,0,15,0,0,2,0,0,0,0,0,0,0,0
2018-10-21,0,0,0,0,20,0,0,3,0,0,0,0,0,0,0,0
2018-10-22,1,1,0,0,82,0,0,2,0,0,0,0,0,0,0,0
2018-10-23,1,2,0,0,49,0,0,1,0,0,0,0,0,0,0,0
2018-10-24,2,1,0,0,29,0,0,3,0,2,0,0,0,0,0,0
2018-10-25,9,0,0,0,95,0,0,1,0,1,0,0,0,0,0,0
2018-10-26,4,0,0,0,63,0,0,1,0,0,0,0,0,0,0,0
2018-10-27,1,0,0,0,68,0,0,2,0,0,0,0,0,0,0,0
2018-10-28,1,0,0,0,38,0,0,1,0,0,0,0,0,0,0,0
2018-10-29,0,1,0,0,37,0,0,1,0,0,0,0,0,0,0,0
2018-10-30,2,0,0,0,72,0,0,2,0,0,0,0,0,0,0,0
2018-10-31,1,0,0,0,12,0,0,0,0,0,0,0,0,0,0,0
2018-11-01,7,0,0,0,69,0,0,1,0,0,0,0,0,0,0,0
2018-11-02,3,0,0,0,182,0,0,2,0,0,0,0,0,2,0,0
2018-11-03,3,0,0,0,37,0,0,0,0,0,0,0,0,0,0,0
2018-11-04,0,0,0,0,35,0,0,0,0,0,0,0,0,0,0,0
2018-11-05,1,0,0,0,16,0,0,0,0,0,0,0,0,0,0,0
2018-11-06,0,0,0,0,14,0,0,0,0,0,0,1,0,0,0,0
2018-11-07,0,1,0,0,39,0,0,1,0,0,0,0,0,0,0,0
2018-11-08,5,1,0,0,20,0,0,2,0,0,0,0,0,0,0,0
2018-11-09,96,0,0,0,462,0,0,5,0,1,0,6,0,0,0,0
2018-11-10,6,0,0,0,610,0,0,1,0,0,0,0,0,0,0,0
2018-11-11,0,0,0,0,149,0,0,0,0,1,0,0,0,0,0,0
2018-11-12,1,1,0,0,127,0,0,0,0,0,0,0,0,0,0,0
2018-11-13,5,0,0,0,300,0,0,1,0,0,0,0,0,0,0,0
2018-11-14,22,0,0,0,261,0,0,0,0,0,0,0,0,0,0,0
2018-11-15,9,1,0,0,248,0,0,0,0,0,0,0,0,0,0,0
2018-11-16,3,0,0,0,189,0,0,0,0,0,0,0,0,0,0,0
2018-11-17,4,0,0,0,25,0,0,0,0,0,0,1,0,0,0,0
2018-11-18,0,0,0,0,24,0,0,0,0,0,0,1,0,0,0,0
2018-11-19,0,0,0,0,10,0,0,0,0,0,0,0,0,0,0,0
2018-11-20,0,0,0,0,48,0,0,1,0,0,0,0,0,0,0,0
2018-11-21,3,1,0,0,48,0,0,0,0,0,0,0,0,1,0,0
2018-11-22,2,0,0,0,110,0,0,1,0,0,0,0,0,0,0,0
2018-11-23,2,0,0,0,46,0,0,1,0,1,0,0,0,0,0,0
2018-11-24,2,0,0,0,11,0,0,2,0,0,0,0,0,0,0,0
2018-11-25,0,0,0,0,36,0,0,2,0,0,0,0,0,0,0,0
2018-11-26,9,1,0,0,11,0,0,0,0,0,0,0,0,0,0,0
2018-11-27,50,0,0,0,29,0,0,3,0,0,0,0,0,0,0,0
2018-11-28,2,0,0,0,69,0,0,6,0,0,0,0,0,0,0,0
2018-11-29,4,0,0,0,37,0,0,1,0,0,0,0,0,0,0,0
2018-11-30,1,0,0,0,23,0,0,0,0,0,0,0,0,0,0,0
2018-12-01,0,0,0,0,8,0,0,0,0,0,0,0,0,0,0,0
2018-12-02,0,0,0,0,5,0,0,0,0,0,0,0,0,0,0,0
2018-12-03,1,0,0,0,13,0,0,1,0,0,0,0,0,0,0,0
2018-12-04,1,0,0,0,14,0,0,5,0,0,0,0,0,0,0,0
2018-12-05,1,0,0,0,99,0,0,5,0,0,0,0,0,0,0,0
2018-12-06,2,2,0,0,63,0,0,0,0,0,0,0,0,0,0,0
2018-12-07,0,1,0,0,16,0,0,0,0,0,0,0,0,0,0,0
2018-12-08,0,0,0,0,18,0,0,0,0,0,0,0,0,0,0,0
2018-12-09,0,0,0,0,13,0,0,0,0,0,0,0,0,0,0,0
2018-12-10,95,3,0,0,391,0,0,3,0,0,0,0,0,0,0,0
2018-12-11,21,2,0,0,172,0,0,2,0,0,0,1,0,0,0,0
2018-12-12,5,0,0,0,53,0,0,3,0,0,0,0,0,0,0,0
2018-12-13,6,1,0,0,74,0,0,1,0,0,0,0,0,1,0,0
2018-12-14,4,1,0,0,71,0,0,0,0,0,0,0,0,0,0,0
2018-12-15,0,1,0,0,16,0,0,0,0,0,0,0,0,0,0,0
2018-12-16,0,0,0,0,17,0,0,0,0,0,0,0,0,0,0,0
2018-12-17,3,3,0,0,38,0,0,1,0,0,0,0,0,0,0,0
2018-12-18,1,1,0,0,24,0,0,1,0,0,0,0,0,0,0,0
2018-12-19,0,0,0,0,29,0,0,0,0,0,0,0,0,0,0,0
2018-12-20,6,0,0,0,23,0,0,0,1,0,0,1,0,0,0,0
2018-12-21,2,0,0,0,34,0,0,0,0,0,0,0,0,1,0,0
2018-12-22,0,0,0,0,14,0,0,1,0,0,0,0,0,0,0,0
2018-12-23,0,0,0,0,9,0,0,0,0,0,0,0,0,0,0,0
2018-12-24,0,0,0,0,12,0,0,0,0,0,0,0,0,0,0,0
2018-12-25,0,0,0,0,33,0,0,0,0,0,0,0,0,0,0,0
2018-12-26,0,0,0,0,33,0,0,0,0,0,0,0,0,0,0,0
2018-12-27,0,0,0,0,13,0,0,0,0,0,0,1,0,0,0,0
2018-12-28,4,0,0,0,5,0,0,0,0,0,0,0,0,0,0,0
2018-12-30,1,0,0,0,8,0,0,0,0,0,0,0,0,0,0,0
2018-12-31,0,0,0,0,44,0,0,0,0,0,0,0,0,0,0,0
2019-01-01,0,0,10,0,27,0,0,0,0,0,0,0,0,0,0,0
2019-01-02,1,0,0,0,180,0,0,0,0,0,0,0,0,0,0,0
2019-01-03,0,0,0,0,226,0,0,0,0,0,0,0,0,0,0,0
2019-01-04,0,0,0,0,78,0,0,0,0,0,0,0,0,0,0,0
2019-01-05,0,0,0,0,28,0,0,0,0,0,0,0,0,0,0,0
2019-01-06,1,0,0,0,25,0,0,0,0,0,0,0,0,0,0,0
2019-01-07,10,0,0,0,84,0,0,0,0,0,0,0,0,0,0,0
2019-01-08,5,2,0,0,164,0,0,0,0,0,0,0,0,0,0,0
2019-01-09,0,0,0,0,47,0,0,0,0,0,0,0,0,0,0,0
2019-01-10,1,0,0,0,42,0,0,0,0,0,0,0,0,0,0,0
2019-01-11,2,1,0,0,34,0,0,0,0,0,0,0,0,0,0,0
2019-01-12,1,1,0,0,15,0,0,0,0,0,0,0,0,0,0,0
2019-01-13,0,0,0,0,23,0,0,4,0,0,0,0,0,0,0,0
2019-01-14,0,0,0,0,25,0,0,0,0,0,0,0,0,0,0,0
2019-01-15,0,0,0,0,13,0,0,0,0,0,0,0,0,0,0,0
2019-01-16,3,0,0,0,5,0,0,0,0,0,0,0,0,0,0,0
2019-01-17,1,0,0,0,8,0,0,0,0,0,0,0,0,0,0,0
2019-01-18,0,0,0,0,17,0,0,1,0,0,0,0,0,0,0,1
2019-01-19,0,0,0,0,15,0,0,1,0,0,0,0,0,0,0,0
2019-01-20,0,1,0,0,5,0,0,1,0,0,0,0,0,0,0,0
2019-01-21,1,0,1,0,55,0,0,0,0,0,0,0,0,0,0,0
2019-01-22,0,0,0,0,12,0,0,1,0,0,0,0,0,0,0,0
2019-01-23,0,0,0,0,20,0,0,0,0,0,0,0,0,0,0,0
2019-01-24,0,0,0,0,39,0,0,2,0,0,0,0,0,0,0,1
2019-01-25,0,0,0,0,10,0,0,0,0,0,0,0,0,0,0,0
2019-01-26,0,1,0,0,10,0,0,1,0,0,0,0,0,0,0,0
2019-01-27,1,0,0,0,14,0,0,0,0,0,0,0,0,0,0,0
2019-01-28,0,0,0,0,30,0,0,0,0,1,0,0,0,0,0,0
2019-01-29,1,0,0,0,50,0,0,1,0,0,0,0,0,0,0,0
2019-01-30,0,0,0,0,18,0,0,0,0,0,0,0,0,0,0,0
2019-01-31,1,0,0,0,18,0,0,0,0,0,0,0,0,0,0,0
2019-02-01,2,2,0,0,14,0,0,0,0,0,0,0,0,0,0,0
2019-02-02,1,0,0,0,12,0,0,0,0,0,0,0,0,0,0,0
2019-02-03,0,0,0,0,8,0,0,0,0,0,0,0,0,0,0,0
2019-02-04,1,0,0,0,20,0,0,2,0,0,0,0,0,0,0,0
2019-02-05,4,0,0,0,27,0,0,0,0,0,0,0,0,0,0,0
2019-02-06,3,0,0,0,16,0,0,0,0,0,0,0,0,0,0,0
2019-02-07,0,0,0,0,47,0,0,0,0,0,0,0,0,0,0,0
2019-02-08,0,0,0,0,27,0,0,1,0,0,0,0,0,0,0,0
2019-02-09,0,1,0,0,6,0,0,0,0,0,0,0,0,0,0,0
2019-02-10,0,0,0,0,10,0,0,0,0,0,0,0,0,0,0,3
2019-02-11,0,1,0,0,9,0,0,2,0,0,0,0,0,0,0,0
2019-02-12,0,2,0,0,8,0,0,0,0,0,0,0,0,0,0,0
2019-02-13,4,0,0,0,22,0,0,0,0,0,0,0,0,0,0,0
2019-02-14,2,0,0,0,8,0,0,0,0,0,0,0,0,0,0,0
2019-02-15,1,0,0,0,2,0,0,0,1,0,0,0,0,0,0,0
2019-02-16,0,0,0,0,2,0,0,0,0,0,0,0,0,0,0,0
2019-02-17,0,1,0,0,3,0,0,0,0,0,0,0,0,0,0,0
2019-02-18,0,0,0,0,5,0,0,0,0,0,0,0,0,0,0,0
2019-02-19,0,0,0,0,4,0,0,0,0,0,0,0,0,0,0,0
2019-02-20,1,0,0,0,11,0,0,0,0,0,0,0,0,0,0,0
2019-02-21,3,2,0,0,15,0,0,0,0,0,0,0,0,0,0,0
2019-02-22,1,0,0,0,4,0,0,0,0,0,0,0,0,0,0,0
2019-02-23,0,0,0,0,6,0,0,0,0,0,0,0,0,0,0,0
2019-02-24,0,0,0,0,12,0,0,0,0,0,0,0,0,0,0,0
2019-02-25,0,1,0,0,18,0,0,1,0,0,0,0,0,0,0,0
2019-02-26,1,0,0,0,18,0,0,0,0,0,0,0,0,0,0,0
2019-02-27,1,0,0,0,12,0,0,0,0,0,0,0,0,0,0,0
2019-02-28,9,0,0,0,8,0,0,0,0,0,0,0,0,0,0,0
2019-03-01,9,1,1,0,9,0,0,0,0,0,0,0,0,0,0,0
2019-03-02,0,0,0,0,2,0,0,0,0,0,0,0,0,0,0,0
2019-03-03,3,0,0,0,6,0,0,0,0,0,0,0,0,0,0,0
2019-03-04,90,2,0,0,12,0,0,0,0,0,0,0,0,0,0,0
2019-03-05,6,0,0,0,11,0,0,0,0,0,0,0,0,2,0,0
2019-03-06,5,0,0,0,6,0,0,0,0,0,0,0,0,0,0,0
2019-03-07,2,0,0,0,6,0,0,0,0,0,0,0,0,0,0,0
2019-03-08,0,0,0,0,3,0,0,0,0,0,0,0,0,0,0,0
2019-03-09,0,0,0,0,2,0,0,0,0,0,0,0,0,0,0,0
2019-03-10,0,0,0,0,2,0,0,0,0,0,0,0,0,0,0,0
2019-03-11,0,0,0,0,1,0,0,0,0,0,0,0,0,0,0,0
2019-03-12,1,0,0,0,0,0,0,0,0,0,0,0,0,1,0,0
2019-03-13,0,0,0,0,12,0,0,0,0,0,0,0,0,0,0,0
2019-03-14,0,0,0,0,18,0,0,0,0,0,0,0,0,0,0,0
2019-03-15,1,0,0,0,2,0,0,0,0,0,0,0,0,0,0,0
2019-03-16,1,0,0,0,1,0,0,0,0,0,0,0,0,0,0,0
2019-03-17,0,0,0,0,3,0,0,0,0,0,0,0,0,0,0,0
2019-03-18,5,0,0,0,6,0,0,0,0,0,0,0,0,0,0,0
2019-03-19,1,0,0,0,2,0,0,0,0,0,0,0,0,0,0,0
2019-03-20,2,0,0,0,9,0,0,1,0,0,0,0,0,0,0,0
2019-03-21,1,0,0,0,11,0,0,0,0,0,0,0,0,0,0,0
2019-03-22,0,0,0,0,11,0,0,0,0,0,0,0,0,0,0,0
2019-03-23,0,0,0,0,5,0,0,0,0,0,0,0,0,0,0,0
2019-03-24,2,0,0,0,0,0,0,0,0,0,0,0,0,0,0,0
2019-03-25,8,0,0,0,22,0,0,1,0,0,0,0,0,0,0,0
2019-03-26,4,0,0,0,8,0,0,0,0,0,0,0,0,0,0,0
2019-03-27,2,1,0,0,1,0,0,0,0,0,0,0,0,0,0,0
2019-03-28,0,0,0,0,4,0,0,0,0,0,0,0,0,0,0,0
2019-03-29,0,0,0,0,14,0,0,0,0,0,0,0,0,0,0,0
2019-03-30,0,0,0,0,5,0,0,0,0,0,0,0,0,0,0,0
2019-03-31,0,0,0,0,2,0,0,0,0,0,0,0,0,0,0,0
2019-04-01,1,0,0,0,6,0,0,0,0,0,0,0,0,0,0,0
2019-04-02,0,0,0,0,4,0,0,1,0,0,0,0,0,0,0,0
2019-04-03,0,0,0,0,4,0,0,0,0,0,0,0,0,0,0,0
2019-04-04,1,0,0,0,2,0,0,1,0,0,0,0,0,0,0,0
2019-04-05,2,2,0,0,5,0,0,0,0,0,0,0,0,0,0,0
2019-04-06,1,0,0,0,0,0,0,0,0,0,0,0,0,0,0,0
2019-04-07,12,0,0,0,2,0,0,0,0,0,0,0,0,0,0,0
2019-04-08,3,0,0,0,3,0,0,1,0,0,0,0,0,0,0,0
2019-04-09,1,0,0,0,2,0,0,0,0,0,0,0,0,0,0,0
2019-04-10,0,0,0,0,8,0,0,0,0,0,0,0,0,0,0,0
2019-04-11,2,0,0,0,3,0,0,0,0,0,0,0,0,0,0,0
2019-04-12,0,0,0,0,9,0,0,0,0,0,0,0,0,0,0,0
2019-04-13,0,0,0,0,4,0,0,0,0,0,0,0,0,0,0,0
2019-04-14,0,1,0,0,0,0,0,0,0,0,0,0,0,0,0,0
2019-04-15,0,1,0,0,4,0,0,0,0,0,0,0,0,0,0,0
2019-04-16,1,0,0,0,4,0,0,0,0,0,0,0,0,0,0,0
2019-04-17,2,0,0,0,0,0,0,0,0,0,0,0,0,0,0,0
2019-04-19,0,0,0,0,1,0,0,0,0,0,0,0,0,0,0,0
2019-04-20,0,0,0,0,20,0,0,0,0,0,0,0,0,0,0,0
2019-04-21,0,0,0,0,3,0,0,0,0,0,0,0,0,0,0,0
2019-04-22,0,0,0,0,5,0,0,0,0,0,0,0,0,0,0,0
2019-04-23,0,0,0,0,1,0,0,1,0,0,0,0,0,0,0,0
2019-04-24,0,0,0,0,6,0,0,0,0,0,0,0,0,0,0,0
2019-04-25,1,0,0,0,19,0,0,0,0,0,0,0,0,0,0,0
2019-04-26,0,1,0,0,16,0,0,0,0,0,0,0,0,0,0,0
2019-04-27,1,0,0,0,12,0,0,0,0,0,0,0,0,0,0,0
2019-04-28,0,0,0,0,1,0,0,0,0,0,0,0,0,0,0,0
2019-04-29,0,1,0,0,1,0,0,0,0,0,0,0,0,0,0,0
2019-04-30,0,0,0,0,4,0,0,0,0,0,0,0,0,1,0,0
2019-05-01,0,0,0,0,6,0,0,0,0,0,0,0,0,0,0,0
2019-05-02,8,1,0,0,10,0,0,0,0,0,0,0,0,0,0,0
2019-05-03,2,0,0,0,10,0,0,1,0,0,0,0,0,0,0,0
2019-05-04,0,0,0,0,2,0,0,0,0,0,0,0,0,0,0,0
2019-05-05,1,0,0,0,3,0,0,0,0,0,0,0,0,0,0,0
2019-05-06,1,0,0,0,1,0,0,0,0,0,0,0,0,0,0,0
2019-05-07,0,0,0,0,6,0,0,1,0,0,0,0,0,0,0,0
2019-05-08,0,0,0,0,2,0,0,0,0,0,0,0,0,0,0,0
2019-05-09,0,0,0,0,4,0,0,0,0,0,0,0,0,0,0,0
2019-05-10,8,0,0,0,2,0,0,0,0,0,0,0,0,0,0,0
2019-05-11,0,0,0,0,12,0,0,0,0,0,0,0,0,0,0,0
2019-05-12,0,0,0,0,27,0,0,1,0,0,0,0,0,0,0,0
2019-05-13,0,0,0,0,4,0,0,1,0,0,0,0,0,0,0,0
2019-05-14,0,0,0,0,8,0,0,0,0,0,0,0,0,0,0,0
2019-05-15,1,0,0,0,1,0,0,1,0,0,0,0,0,0,0,0
2019-05-17,0,0,0,0,9,0,0,0,0,0,0,0,0,0,0,0
2019-05-18,0,0,0,0,4,0,0,0,0,0,0,0,0,0,0,0
2019-05-19,0,0,0,0,1,0,0,0,0,0,0,0,0,0,0,0
2019-05-20,0,0,0,0,3,0,0,0,0,0,0,0,0,0,0,0
2019-05-22,1,0,0,0,2,0,0,0,0,0,0,0,0,0,0,0
2019-05-23,1,0,0,0,8,0,0,1,0,0,0,0,0,0,0,0
2019-05-24,1,0,0,0,2,0,0,0,0,0,0,0,0,0,0,0
2019-05-25,0,0,0,0,1,0,0,0,0,0,0,0,0,0,0,0
2019-05-26,0,0,0,0,1,0,0,0,0,0,0,0,0,0,0,0
2019-05-27,2,0,0,0,2,0,0,0,0,0,0,0,0,0,0,0
2019-05-28,1,0,0,0,2,0,0,1,0,0,0,0,0,0,0,0
2019-05-29,2,0,0,0,0,0,0,0,0,0,0,0,0,0,0,0
2019-05-30,1,0,1,0,4,0,0,1,0,0,0,0,0,0,0,0
2019-05-31,1,0,0,0,4,0,0,1,0,0,0,0,0,0,0,0
2019-06-01,0,0,2,0,0,0,0,0,0,0,0,0,0,0,0,0
2019-06-02,0,0,0,0,2,0,0,0,0,0,0,0,0,0,0,0
2019-06-03,1,1,0,0,3,0,0,0,0,0,0,0,0,0,0,0
2019-06-04,0,0,0,0,2,0,0,0,0,0,0,0,0,0,0,0
2019-06-05,0,0,0,0,3,0,0,0,0,0,0,0,0,0,0,0
2019-06-06,1,0,0,0,2,0,0,0,0,0,0,0,0,0,0,0
2019-06-07,0,0,0,0,2,0,0,0,0,0,0,0,0,0,0,0
2019-06-09,0,0,0,0,1,0,0,0,0,0,0,0,0,0,0,0
2019-06-10,0,0,0,0,8,0,0,0,0,0,0,0,0,0,0,0
2019-06-11,1,0,0,0,7,0,0,1,0,0,0,0,0,0,0,0
2019-06-12,0,0,0,0,3,0,0,0,0,0,0,0,0,0,0,0
2019-06-13,0,0,0,0,1,0,0,0,0,0,0,0,0,0,0,0
2019-06-14,0,0,0,0,8,0,0,0,0,0,0,0,0,0,0,0
2019-06-15,1,0,0,0,1,0,0,0,0,0,0,0,0,0,0,0
2019-06-16,0,0,0,0,5,0,0,1,0,0,0,0,0,0,0,0
2019-06-17,2,0,0,0,8,0,0,0,0,0,0,0,0,0,0,0
2019-06-18,1,0,0,0,1,0,0,0,0,0,0,0,0,0,0,0
2019-06-19,0,0,0,0,12,0,0,0,0,0,0,0,0,0,0,0
2019-06-20,0,0,0,0,1,0,0,0,0,0,0,0,0,0,0,0
2019-06-21,0,1,0,0,5,0,0,0,0,0,0,0,0,0,0,0
2019-06-22,0,0,0,0,4,0,0,0,0,0,0,0,0,0,0,0
2019-06-23,0,0,0,0,1,0,0,0,0,0,0,0,0,0,0,0
2019-06-24,0,0,0,0,7,0,0,0,0,0,0,0,0,0,0,0
2019-06-25,0,0,0,0,1,0,0,0,0,0,0,0,0,0,0,0
2019-06-26,1,0,0,0,4,0,0,0,0,0,0,0,0,0,0,0
2019-06-27,0,0,0,0,3,0,0,0,0,0,0,0,0,0,0,0
2019-06-28,0,0,0,0,6,0,0,0,0,0,0,0,0,0,0,0
2019-06-30,0,0,0,0,1,0,0,0,0,0,0,0,0,0,0,0
2019-07-01,3,0,1,0,1,0,0,0,0,0,0,0,0,0,0,0
2019-07-02,0,0,0,0,0,0,0,0,0,0,0,0,0,0,0,1
2019-07-03,0,0,0,0,2,0,0,0,0,0,0,0,0,0,0,0
2019-07-04,0,0,0,0,4,0,0,0,0,0,0,0,0,0,0,0
2019-07-05,1,0,0,0,1,0,0,0,0,0,0,0,0,0,0,0
2019-07-07,0,0,0,0,2,0,0,0,0,0,0,0,0,0,0,0
2019-07-08,0,0,0,0,5,0,0,0,0,0,0,0,0,0,0,0
2019-07-09,0,0,0,0,1,0,0,0,0,0,0,0,0,0,0,0
2019-07-10,1,0,0,0,5,0,0,0,0,0,0,0,0,0,0,0
2019-07-11,0,0,0,0,1,0,0,0,0,0,0,0,0,0,0,0
2019-07-15,2,0,0,0,1,0,0,0,0,0,0,0,0,0,0,0
2019-07-16,0,0,0,0,1,0,0,0,0,0,0,0,0,0,0,0
2019-07-17,2,0,0,0,1,0,0,0,0,0,0,0,0,0,0,0
2019-07-18,0,0,0,0,2,0,0,0,0,0,0,0,0,0,0,0
2019-07-19,0,0,0,0,8,0,0,0,0,0,0,0,0,0,0,0
2019-07-20,0,0,0,0,3,0,0,0,0,0,0,0,0,0,0,0
2019-07-21,0,0,0,0,4,0,0,0,0,0,0,0,0,0,0,0
2019-07-22,0,0,0,0,3,0,0,0,0,0,0,0,0,0,0,0
2019-07-23,0,0,0,0,2,0,0,0,0,0,0,0,0,0,0,0
2019-07-24,0,0,0,0,4,0,0,0,0,0,0,0,0,0,0,0
2019-07-27,0,0,0,0,2,0,0,1,1,0,0,0,0,0,0,0
2019-07-28,0,0,0,0,3,0,0,0,0,0,0,0,0,0,0,0
2019-07-29,0,0,0,0,9,0,0,0,0,0,0,0,0,0,0,0
2019-07-31,1,0,1,0,0,0,0,0,0,0,0,0,0,0,0,0
2019-08-01,0,0,0,0,2,0,0,0,0,0,0,0,0,0,0,0
2019-08-02,0,0,0,0,10,0,0,0,1,0,0,0,0,0,0,0
2019-08-04,0,0,0,0,2,0,0,0,0,0,0,0,0,0,0,0
2019-08-06,0,1,0,0,1,0,0,0,0,0,0,0,0,0,0,0
2019-08-07,2,0,0,0,1,0,0,0,0,0,0,0,0,0,0,0
2019-08-09,0,0,0,0,3,0,0,0,0,0,0,0,0,0,0,0
2019-08-10,0,0,0,0,2,0,0,0,0,0,0,0,0,0,0,0
2019-08-11,0,0,0,0,3,0,0,0,0,0,0,0,0,0,0,0
2019-08-12,0,0,0,0,2,0,0,0,0,0,0,0,0,0,0,0
2019-08-13,0,0,0,0,1,0,0,0,0,0,0,0,0,0,0,0
2019-08-14,1,0,0,0,0,0,0,0,0,0,0,0,0,0,0,0
2019-08-15,0,1,0,0,2,0,0,0,0,0,0,0,0,0,0,0
2019-08-19,0,0,0,0,55,0,0,1,0,0,0,0,0,0,0,0
2019-08-20,0,0,0,0,5,0,0,0,0,0,0,0,0,0,0,0
2019-08-21,0,0,1,0,7,0,0,0,0,0,0,0,0,0,0,0
2019-08-22,1,0,0,0,0,0,0,0,0,0,0,0,0,0,0,0
2019-08-23,3,0,0,0,0,0,0,0,0,0,0,0,0,0,0,0
2019-08-24,0,0,0,0,1,0,0,0,0,0,0,0,0,0,0,0
2019-08-25,0,0,0,0,7,0,0,0,0,0,0,0,0,0,0,0
2019-08-26,0,0,0,0,1,0,0,0,0,0,0,0,0,0,0,0
2019-08-27,1,0,0,0,0,0,0,0,0,0,0,0,0,0,0,0
2019-08-28,0,0,0,0,7,0,0,0,0,0,0,0,0,0,0,0
2019-08-29,0,0,0,0,1,0,0,0,0,0,0,0,0,0,0,0
2019-08-30,0,0,0,0,4,0,0,0,0,0,0,0,0,0,0,0
2019-08-31,0,0,0,0,3,0,0,0,0,0,0,0,0,0,0,0
2019-09-01,0,0,1,0,0,0,0,0,0,0,0,0,0,0,0,0
2019-09-02,0,0,0,0,3,0,0,0,0,0,0,0,0,0,0,0
2019-09-04,0,0,0,0,0,0,0,1,0,0,0,0,0,0,0,0
2019-09-05,0,0,0,0,6,0,0,0,0,0,0,0,0,0,0,0
2019-09-06,0,0,0,0,1,0,0,0,0,0,0,0,0,0,0,0
2019-09-08,0,0,0,0,1,0,0,0,0,0,0,0,0,0,0,0
2019-09-09,1,0,0,0,0,0,0,0,0,0,0,0,0,0,0,0
2019-09-10,1,0,0,0,0,0,0,0,0,0,0,0,0,0,0,0
2019-09-11,0,0,0,0,1,0,0,0,0,0,0,0,0,0,0,0
2019-09-12,0,0,0,0,4,0,0,0,0,0,0,0,0,0,0,0
2019-09-13,0,0,0,0,2,0,0,0,0,0,0,0,0,0,0,0
2019-09-16,0,0,0,0,2,0,0,0,0,0,0,0,0,0,0,0
2019-09-17,0,0,0,0,4,0,0,0,0,0,0,0,0,0,0,0
2019-09-18,0,0,0,0,1,0,0,0,0,0,0,0,0,0,0,0
2019-09-19,0,0,1,0,3,0,0,0,0,0,0,0,0,0,0,0
2019-09-20,0,0,0,0,7,0,0,0,0,0,0,0,0,0,0,0
2019-09-21,0,0,0,0,1,0,0,0,0,0,0,0,0,0,0,0
2019-09-23,0,0,0,0,9,0,0,0,0,0,0,0,0,0,0,0
2019-09-24,0,0,0,0,5,0,0,0,0,0,0,0,0,0,0,0
2019-09-25,0,0,0,0,2,0,0,0,0,0,0,0,0,0,0,0
2019-09-27,0,0,0,0,5,0,0,0,0,0,0,0,0,0,0,0
2019-09-28,0,0,0,0,8,0,0,0,0,0,0,0,0,0,0,0
2019-09-29,0,0,0,0,3,0,0,0,0,0,0,0,0,0,0,0
2019-09-30,9,0,0,0,1,0,0,0,0,0,0,0,0,0,0,0
2019-10-01,1,0,0,0,1,0,0,0,0,0,0,0,0,0,0,0
2019-10-02,0,0,0,0,2,0,0,0,0,0,0,0,0,0,0,0
2019-10-04,0,0,0,0,1,0,0,0,0,0,0,0,0,0,0,0
2019-10-07,1,0,0,0,0,0,0,0,0,0,0,0,0,0,0,0
2019-10-08,0,1,0,0,2,0,0,0,0,0,0,0,0,0,0,0
2019-10-09,2,0,0,0,2,0,0,0,0,0,0,0,0,0,0,0
2019-10-10,0,0,0,0,2,0,0,0,0,0,0,0,0,0,0,0
2019-10-12,0,0,0,0,1,0,0,0,0,0,0,0,0,0,0,0
2019-10-13,0,0,0,0,1,0,0,0,0,0,0,0,0,0,0,0
2019-10-14,0,0,0,0,1,0,0,0,0,0,0,0,0,0,0,0
2019-10-15,0,0,0,0,1,0,0,0,0,0,0,0,0,0,0,0
2019-10-16,0,0,0,0,4,0,0,0,0,0,0,0,0,0,0,0
2019-10-17,0,0,0,0,2,0,0,0,0,0,0,0,0,0,0,0
2019-10-18,2,0,0,0,0,0,0,0,0,0,0,0,0,0,0,0
2019-10-22,1,0,0,0,0,0,0,0,0,0,0,0,0,0,0,0
2019-10-23,0,0,0,0,1,0,0,0,0,0,0,0,0,0,0,0
2019-10-24,0,0,0,0,3,0,0,0,0,0,0,0,0,0,0,0
2019-10-25,12,1,0,0,45,0,0,0,0,0,0,0,0,0,0,0
2019-10-26,0,0,0,0,22,0,0,0,0,0,0,0,0,0,0,0
2019-10-27,1,0,0,0,7,0,0,0,0,0,0,0,0,0,0,0
2019-10-28,1,0,0,0,4,0,0,0,0,0,0,0,0,0,0,0
2019-10-31,0,0,0,0,0,0,0,1,0,0,0,0,0,0,0,0
2019-11-02,0,0,0,0,2,0,0,0,0,0,0,0,0,0,0,0
2019-11-03,0,0,0,0,1,0,0,0,0,0,0,0,0,0,0,0
2019-11-04,1,0,0,0,0,0,0,0,0,0,0,0,0,0,0,0
2019-11-06,0,0,0,0,4,0,0,0,0,0,0,0,0,0,0,0
2019-11-07,0,0,0,0,15,0,0,0,0,0,0,0,0,0,0,0
2019-11-08,1,0,0,0,11,0,0,0,0,0,0,0,0,0,0,0
2019-11-09,7,0,0,0,1,0,0,0,1,0,0,0,0,0,0,0
2019-11-10,2,0,0,0,0,0,0,0,0,0,0,0,0,0,0,0
2019-11-11,1,0,0,0,0,0,0,0,0,0,0,0,0,0,0,0
2019-11-12,0,1,0,0,14,0,0,0,0,0,0,0,0,0,0,0
2019-11-13,0,0,0,0,7,0,0,0,0,0,0,0,0,0,0,0
2019-11-15,1,0,0,0,3,0,0,0,0,0,0,0,0,0,0,0
2019-11-16,11,0,0,0,3,0,0,0,0,0,0,0,0,0,0,0
2019-11-17,1,0,0,0,6,0,0,0,0,0,0,0,0,0,0,0
2019-11-18,1,0,0,0,8,0,0,0,0,0,0,0,0,0,0,0
2019-11-21,2,0,0,0,2,0,0,0,0,0,0,0,0,0,0,0
2019-11-22,0,0,0,0,3,0,0,0,0,0,0,0,0,0,0,0
2019-11-23,0,0,0,0,1,0,0,0,0,0,0,0,0,0,0,0
2019-11-24,0,0,0,0,1,0,0,0,0,0,0,0,0,0,0,0
2019-11-25,0,0,1,0,7,0,0,0,0,0,0,0,0,0,0,0
2019-11-26,2,1,0,0,3,0,0,0,0,0,0,0,0,1,0,0
2019-11-27,2,0,0,0,2,0,0,0,0,0,0,0,0,0,0,0
2019-11-28,0,0,0,0,2,0,0,0,0,0,0,0,0,0,0,0
2019-11-29,0,0,0,0,13,0,0,0,0,0,0,0,0,0,0,0
2019-11-30,0,0,0,0,5,0,0,0,0,0,0,0,0,0,0,0
2019-12-01,0,0,0,0,4,0,0,0,0,0,0,0,0,0,0,0
2019-12-02,0,0,0,0,4,0,0,0,0,0,0,0,0,0,0,0
2019-12-03,0,0,0,0,8,0,0,0,0,0,0,0,0,0,0,0
2019-12-04,0,0,0,0,3,0,0,0,0,0,0,0,0,0,0,0
2019-12-05,2,0,0,0,1,0,0,1,0,0,0,0,0,0,0,0
2019-12-06,3,1,0,0,2,0,0,0,0,0,0,0,0,0,0,0
2019-12-07,0,0,0,0,1,0,0,0,0,0,0,0,0,0,0,0
2019-12-09,2,0,0,0,0,0,0,0,1,0,0,0,0,0,0,0
2019-12-10,0,0,0,0,6,0,0,0,0,0,0,0,0,0,0,0
2019-12-11,0,0,0,0,1,0,0,0,0,0,0,0,0,0,0,0
2019-12-12,1,2,0,0,1,0,0,0,0,0,0,0,0,0,0,0
2019-12-13,0,0,0,0,33,0,0,0,0,0,0,2,0,0,0,0
2019-12-14,0,0,0,0,55,0,0,0,0,0,0,0,0,0,0,0
2019-12-15,0,0,0,0,18,0,0,0,0,0,0,0,0,0,0,0
2019-12-16,0,0,0,0,9,0,0,0,0,0,0,0,0,0,0,0
2019-12-18,2,0,0,0,3,0,0,0,0,0,0,0,0,0,0,0
2019-12-19,0,1,0,0,1,0,0,0,0,0,0,0,0,0,0,0
2019-12-20,0,0,0,0,4,0,0,0,0,0,0,0,0,0,0,0
2019-12-21,0,0,0,0,1,0,0,0,0,0,0,0,0,0,0,0
2019-12-25,0,0,0,0,3,0,0,0,0,0,0,0,0,0,0,0
2019-12-27,0,0,0,0,1,0,0,0,0,0,0,0,0,0,0,0
2019-12-29,0,0,0,0,6,0,0,0,0,0,0,0,0,0,0,0
2019-12-30,0,0,0,0,2,0,0,0,0,0,0,0,0,0,0,0
2020-01-01,0,0,34,0,8,0,0,1,0,0,0,0,0,0,0,0
2020-01-02,0,0,0,0,4,0,0,0,0,0,0,0,0,0,0,0
2020-01-03,0,0,0,0,2,0,0,0,0,0,0,0,0,0,0,0
2020-01-04,0,0,0,0,22,0,0,0,0,0,0,0,0,0,0,0
2020-01-05,0,0,0,0,1,0,0,0,0,0,0,0,0,0,0,0
2020-01-06,4,0,0,0,4,0,0,0,1,0,0,0,0,0,0,0
2020-01-07,3,0,0,0,4,0,0,0,0,0,0,0,0,0,0,0
2020-01-08,1,0,0,0,0,0,0,0,0,0,0,0,0,0,0,0
2020-01-09,6,0,0,0,3,0,0,0,0,0,0,0,0,0,0,0
2020-01-10,3,0,0,0,1,0,0,0,0,0,0,0,0,0,0,0
2020-01-11,1,0,0,0,4,0,0,0,0,0,0,0,0,0,0,0
2020-01-12,1,0,1,0,2,0,0,0,1,0,0,0,0,0,0,0
2020-01-13,2,0,0,0,3,0,0,0,0,0,0,0,0,0,0,0
2020-01-14,0,0,0,0,2,0,0,0,0,0,0,0,0,0,0,0
2020-01-15,4,0,0,0,2,0,0,0,0,0,0,0,0,0,0,1
2020-01-16,1,0,0,0,0,0,0,0,0,0,0,0,0,0,0,0
2020-01-17,0,0,1,0,4,0,0,0,0,0,0,0,0,0,0,0
2020-01-18,0,0,0,0,1,0,0,0,2,0,0,0,0,0,0,0
2020-01-19,0,0,0,0,9,0,0,0,0,0,0,0,0,0,0,0
2020-01-20,0,0,0,0,9,0,0,0,0,0,0,0,0,0,0,0
2020-01-21,1,0,0,0,5,0,0,0,0,0,0,0,0,0,0,0
2020-01-22,0,0,1,0,3,0,0,0,0,0,0,0,0,0,0,0
2020-01-26,1,0,0,0,1,0,0,0,0,0,0,0,0,0,0,0
2020-01-27,0,1,1,0,2,0,0,0,0,0,0,0,0,0,0,0
2020-01-28,0,0,0,0,2,0,0,0,0,0,0,0,0,0,0,0
2020-01-29,0,0,0,0,2,0,0,1,0,0,0,0,0,0,0,0
2020-01-31,2,1,0,0,1,0,0,0,0,0,0,0,0,0,0,0
2020-02-01,0,0,0,0,2,0,0,0,0,0,0,0,0,0,0,0
2020-02-03,0,1,0,0,6,0,0,0,0,0,0,0,0,0,0,0
2020-02-04,2,0,0,0,5,0,0,0,0,0,0,0,0,0,0,0
2020-02-05,1,0,0,0,4,0,0,0,0,0,0,0,0,0,0,0
2020-02-07,0,0,0,0,1,0,0,0,0,0,0,0,0,0,0,0
2020-02-10,0,0,0,0,1,0,0,0,0,0,0,0,0,0,0,0
2020-02-13,0,0,0,0,2,0,0,0,0,0,0,0,0,0,0,0
2020-02-17,0,0,0,0,23,0,0,0,0,0,0,0,0,0,0,0
2020-02-18,0,0,0,0,8,0,0,0,0,0,0,0,0,0,0,0
2020-02-19,1,0,0,0,0,0,0,0,0,0,0,0,0,0,0,0
2020-02-20,0,0,0,0,1,0,0,0,0,0,0,0,0,0,0,0
2020-02-21,16,0,0,0,8,0,0,0,0,0,0,0,0,0,0,0
2020-02-22,0,0,0,0,1,0,0,0,0,0,0,0,0,0,0,0
2020-02-23,2,0,0,0,6,0,0,1,0,0,0,0,0,0,0,0
2020-02-24,0,0,0,0,9,0,0,0,0,0,0,0,0,0,0,0
2020-02-25,0,0,0,0,12,0,0,0,0,0,0,0,0,0,0,0
2020-02-26,1,0,0,0,12,0,0,0,0,0,0,0,0,0,0,0
2020-02-27,0,0,0,0,4,0,0,0,0,0,0,0,0,0,0,1
2020-02-28,0,0,0,0,2,0,0,0,0,0,0,0,0,0,0,0
2020-02-29,0,0,0,0,1,0,0,0,1,0,0,0,0,0,0,0
2020-03-01,11,0,0,0,6,0,0,0,1,0,0,0,0,0,0,0
2020-03-02,0,0,0,0,4,0,0,0,0,0,0,0,0,0,0,0
2020-03-03,2,0,0,0,0,0,0,0,0,0,0,0,0,0,0,0
2020-03-04,0,0,0,0,3,0,0,0,0,0,0,1,0,0,0,0
2020-03-05,0,0,0,0,6,0,0,0,0,0,0,0,0,0,0,0
2020-03-06,0,0,0,0,5,0,0,0,0,0,0,0,0,0,0,0
2020-03-07,0,0,0,0,3,0,0,0,0,0,0,0,0,0,0,0
2020-03-08,3,0,0,0,2,0,0,1,0,0,0,0,0,0,0,0
2020-03-09,1,0,0,0,4,0,0,0,0,0,0,0,0,0,0,0
2020-03-10,1,0,0,0,2,0,0,0,1,0,0,0,0,0,0,0
2020-03-11,0,0,0,0,3,0,0,0,1,0,0,0,0,0,0,0
2020-03-12,1,0,0,0,3,0,0,0,0,0,0,0,0,0,0,0
2020-03-13,0,0,0,0,5,0,0,0,0,0,0,0,0,0,0,0
2020-03-14,0,0,0,0,1,0,0,0,0,0,0,0,0,0,0,0
2020-03-15,0,0,0,0,3,0,0,0,0,0,0,0,0,0,0,0
2020-03-16,0,0,1,0,3,0,0,0,0,0,0,0,0,0,0,0
2020-03-17,0,0,0,0,2,0,0,0,0,0,0,0,0,0,0,0
2020-03-18,1,0,0,0,4,0,0,0,0,0,0,0,0,0,0,0
2020-03-19,0,0,0,0,7,0,0,0,0,0,0,0,0,0,0,0
2020-03-20,0,0,0,0,3,0,0,0,0,0,0,0,0,0,0,0
2020-03-21,1,1,0,0,2,0,0,0,0,0,0,0,0,0,0,0
2020-03-23,0,0,0,0,1,0,0,0,0,0,0,0,0,0,0,0
2020-03-24,0,0,0,0,1,0,0,0,0,0,0,0,0,0,0,0
2020-03-25,0,0,0,0,1,0,0,0,0,0,0,0,0,0,0,0
2020-03-26,0,0,0,0,4,0,0,0,0,0,0,0,0,0,0,0
2020-03-27,3,0,0,0,0,0,0,0,0,0,0,0,0,0,0,0
2020-03-28,0,0,0,0,6,0,0,0,0,0,0,0,0,0,0,0
2020-03-29,1,0,0,0,0,0,0,0,0,0,0,0,0,0,0,0
2020-03-31,0,0,0,0,1,0,0,0,0,0,0,0,0,0,0,1
2020-04-01,0,1,0,0,10,0,0,0,0,0,0,0,0,0,0,0
2020-04-02,0,0,0,0,1,0,0,0,0,0,0,0,0,0,0,0
2020-04-03,0,0,0,0,30,0,0,2,0,0,0,0,0,0,0,0
2020-04-04,0,0,0,0,3,0,0,0,0,0,0,0,0,0,0,0
2020-04-05,0,0,0,0,1,0,0,0,0,0,0,0,0,0,0,0
2020-04-06,0,0,0,0,1,0,0,0,0,0,0,0,0,0,0,0
2020-04-07,0,0,0,0,2,0,0,0,0,0,0,0,0,0,0,0
2020-04-08,0,0,0,0,11,0,0,0,0,0,0,0,0,0,0,0
2020-04-09,1,1,1,0,2,0,0,0,0,0,0,0,0,0,0,0
2020-04-10,0,0,0,0,2,0,0,0,0,0,0,0,0,0,0,0
2020-04-12,0,0,0,0,1,0,0,0,0,0,0,0,0,0,0,0
2020-04-13,0,0,0,0,1,0,0,0,0,0,0,0,0,0,0,0
2020-04-14,0,0,0,0,1,0,0,0,0,0,0,0,0,0,0,0
2020-04-16,1,0,0,0,3,0,0,0,0,0,0,0,0,0,0,0
2020-04-17,0,0,0,0,3,0,0,0,0,0,0,0,0,0,0,0
2020-04-18,0,0,0,0,2,0,0,0,0,0,0,0,0,0,0,0
2020-04-20,2,0,0,0,1,0,0,0,0,0,0,0,0,0,0,0
2020-04-21,0,0,0,0,1,0,0,0,0,0,0,0,0,0,0,0
2020-04-22,0,0,0,0,28,0,0,1,0,0,0,0,0,0,0,0
2020-04-23,7,0,0,0,19,0,0,2,0,0,0,0,0,0,0,0
2020-04-24,0,0,0,0,8,0,0,0,0,0,0,0,0,0,0,0
2020-04-25,0,0,0,0,1,0,0,0,0,0,0,0,0,0,0,0
2020-04-27,0,0,0,0,1,0,0,0,0,0,0,0,0,0,0,0
2020-04-28,0,0,0,0,1,0,0,0,0,0,0,0,0,0,0,0
2020-04-29,3,1,0,0,3,0,0,0,0,0,0,0,0,0,0,0
2020-04-30,0,0,0,0,1,0,0,0,0,0,0,0,0,0,0,0
2020-05-01,0,0,1,0,0,0,0,0,0,0,0,0,0,0,0,0
2020-05-03,0,0,0,0,1,0,0,0,0,0,0,0,0,0,0,0
2020-05-04,1,0,0,0,9,0,0,0,0,0,0,0,0,0,0,0
2020-05-05,0,1,0,0,0,0,0,0,0,0,0,0,0,0,0,0
2020-05-07,1,0,0,0,1,0,0,0,0,0,0,0,0,0,0,0
2020-05-08,0,0,0,0,2,0,0,0,0,0,0,0,0,0,0,0
2020-05-10,0,0,0,0,1,0,0,0,0,0,0,0,0,0,0,0
2020-05-12,0,0,0,0,1,0,0,0,0,0,0,0,0,0,0,0
2020-05-13,0,0,0,0,2,0,0,0,0,0,0,0,0,0,0,0
2020-05-14,2,0,0,0,0,0,0,0,0,0,0,0,0,0,0,0
2020-05-15,1,0,0,0,7,0,0,0,0,0,0,0,0,0,0,0
2020-05-16,1,0,0,0,0,0,0,0,0,0,0,0,0,0,0,0
2020-05-17,1,0,0,0,3,0,0,0,0,0,0,0,0,0,0,0
2020-05-18,24,0,0,0,0,0,0,0,0,0,0,0,0,0,0,0
2020-05-19,0,0,0,0,1,0,0,0,0,0,0,0,0,0,0,0
2020-05-21,29,1,0,0,5,0,0,0,0,0,0,1,0,0,0,0
2020-05-22,0,0,0,0,0,0,0,0,1,0,0,0,0,0,0,0
2020-05-24,0,0,0,0,4,0,0,0,0,0,0,0,0,0,0,0
2020-05-25,0,0,0,0,0,0,0,0,1,0,0,0,0,0,0,0
2020-05-26,1,0,0,0,0,0,0,0,0,0,0,0,0,0,0,0
2020-05-27,1,0,0,0,1,0,0,0,0,0,0,0,0,0,0,0
2020-05-28,2,0,0,0,2,0,0,0,0,0,0,0,0,0,0,0
2020-05-30,1,0,0,0,1,0,0,0,0,0,0,0,0,0,0,0
2020-05-31,0,0,0,0,1,0,0,0,0,0,0,0,0,0,0,0
2020-06-02,1,0,0,0,0,0,0,0,0,0,0,0,0,0,0,0
2020-06-05,0,0,0,0,4,0,0,0,0,0,0,0,0,0,0,0
2020-06-09,0,0,0,0,1,0,0,0,0,0,0,0,0,0,0,0
2020-06-11,0,1,0,0,0,0,0,0,0,0,0,0,0,0,0,0
2020-06-12,0,0,0,0,2,0,0,0,0,0,0,0,0,0,0,0
2020-06-13,0,0,0,0,2,0,0,0,0,0,0,0,0,0,0,0
2020-06-15,0,0,0,0,18,0,0,0,0,0,0,0,0,0,0,0
2020-06-16,0,0,0,0,1,0,0,0,0,0,0,0,0,0,0,0
2020-06-18,0,0,0,0,28,0,0,0,0,0,0,0,0,0,0,0
2020-06-19,0,0,0,0,59,0,0,0,0,0,0,0,0,0,0,0
2020-06-20,0,0,0,0,13,0,0,0,0,0,0,0,0,0,0,0
2020-06-21,0,0,0,0,2,0,0,0,0,0,0,0,0,0,0,0
2020-06-22,0,0,0,0,1,0,0,0,0,0,0,0,0,0,0,0
2020-06-23,0,0,0,0,4,0,0,0,1,0,0,0,0,0,0,0
2020-06-24,3,0,0,0,2,0,0,0,0,0,0,0,0,0,0,0
2020-06-25,5,0,1,0,2,0,0,0,0,0,0,0,0,0,0,0
2020-06-26,1,0,0,0,0,0,0,0,0,0,0,0,0,0,0,0
2020-06-27,1,0,0,0,0,0,0,0,0,0,0,0,0,0,0,0
2020-06-28,0,0,0,0,3,0,0,0,0,0,0,0,0,0,0,0
2020-06-29,7,0,0,0,1,0,0,0,0,0,0,0,0,0,0,0
2020-06-30,0,0,0,0,3,0,0,0,0,0,0,0,0,0,0,0
2020-07-01,4,1,0,0,1,0,0,0,0,0,0,0,0,0,0,0
2020-07-02,1,0,0,1,89,0,0,0,0,0,0,0,0,0,0,0
2020-07-03,0,0,0,0,3,0,0,0,0,0,0,0,0,0,0,0
2020-07-04,0,0,0,0,3,0,0,0,0,0,0,0,0,0,0,0
2020-07-05,0,1,0,0,3,0,0,0,0,0,0,0,0,0,0,0
2020-07-07,0,0,0,0,2,0,0,0,0,0,0,0,0,0,0,0
2020-07-08,1,0,0,0,3,0,0,1,0,0,0,0,0,0,0,0
2020-07-09,0,0,0,0,1,0,0,0,0,0,0,0,0,0,0,0
2020-07-10,0,0,0,0,2,0,0,0,0,0,0,0,0,0,0,0
2020-07-12,0,0,0,0,1,0,0,0,0,0,0,0,0,0,0,0
2020-07-14,1,0,0,0,0,0,0,0,0,0,0,0,0,0,0,0
2020-07-15,1,1,0,0,1,0,0,0,0,0,0,0,0,0,0,0
2020-07-16,0,1,0,0,1,0,0,0,0,0,0,0,0,0,0,0
2020-07-17,2,0,0,0,1,0,0,0,0,0,0,0,0,0,0,0
2020-07-19,0,0,0,0,3,0,0,0,0,0,0,0,0,0,0,0
2020-07-20,0,1,0,0,1,0,0,0,0,0,0,0,0,0,0,0
2020-07-21,0,0,0,0,2,0,0,0,0,0,0,0,0,0,0,0
2020-07-22,1,0,0,0,0,0,0,0,0,0,0,0,0,0,0,0
2020-07-23,0,0,0,0,1,0,0,0,0,0,0,0,0,0,0,0
2020-07-24,0,0,0,0,1,0,0,0,0,0,0,0,0,0,0,0
2020-07-26,1,0,0,0,2,0,0,0,0,0,0,0,0,0,0,0
2020-07-28,0,1,0,0,0,0,0,1,0,0,0,0,0,0,0,0
2020-07-30,0,0,1,0,0,0,0,0,0,0,0,0,0,0,0,0
2020-07-31,0,0,0,0,1,0,0,0,0,0,0,0,0,0,0,0
2020-08-02,1,0,0,0,1,0,0,0,0,0,0,0,0,0,0,0
2020-08-03,0,0,0,0,7,0,0,0,0,0,0,0,0,0,0,0
2020-08-04,2,0,0,0,1,0,0,0,0,0,0,0,0,0,0,0
2020-08-05,0,0,0,0,1,0,0,0,0,0,0,0,0,0,0,0
2020-08-07,1,0,0,0,0,0,0,0,0,0,0,0,0,0,0,0
2020-08-11,0,0,2,0,1,0,0,0,0,0,0,0,0,0,0,0
2020-08-12,0,0,0,0,3,0,0,0,1,0,0,0,0,0,0,0
2020-08-14,0,1,0,0,2,0,0,0,0,0,0,0,0,0,0,0
2020-08-16,0,0,0,0,2,0,0,0,0,0,0,0,0,0,0,0
2020-08-17,0,0,0,0,1,0,0,0,0,0,0,0,0,0,0,0
2020-08-18,1,0,0,0,1,0,0,0,0,0,0,0,0,0,0,0
2020-08-19,0,0,0,0,3,0,0,0,0,0,0,0,0,0,0,0
2020-08-20,0,1,0,0,1,0,0,0,0,0,0,0,0,0,0,0
2020-08-21,17,0,0,0,2,0,0,0,0,0,0,0,0,0,0,0
2020-08-23,1,0,0,0,0,0,0,0,0,0,0,0,0,0,0,0
2020-08-25,0,0,0,0,1,0,0,0,0,0,0,0,0,0,0,0
2020-08-26,0,0,0,0,46,0,0,0,0,0,0,0,0,0,0,0
2020-08-27,1,0,0,0,4,0,0,0,0,0,0,0,0,0,0,0
2020-08-28,1,0,0,0,0,0,0,0,0,0,0,0,0,0,0,0
2020-08-29,0,0,0,0,2,0,0,0,0,0,0,0,0,0,0,0
2020-08-30,1,0,0,0,0,0,0,0,0,0,0,0,0,0,0,0
2020-08-31,0,0,0,0,6,0,0,0,0,0,0,0,0,0,0,0
2020-09-01,1,0,0,0,1,0,0,1,0,0,0,0,0,0,0,0
2020-09-02,0,0,0,0,1,0,0,0,0,0,0,0,0,0,0,0
2020-09-03,2,0,0,0,0,0,0,0,0,0,0,0,0,0,0,0
2020-09-04,0,0,0,0,2,0,0,1,0,0,0,0,0,0,0,0
2020-09-07,0,0,1,0,0,0,0,0,0,0,0,0,0,0,0,0
2020-09-08,0,0,0,0,2,0,0,0,0,0,0,0,0,0,0,0
2020-09-09,0,0,0,0,1,0,0,0,0,0,0,0,0,0,0,0
2020-09-10,0,0,0,0,3,0,0,0,0,0,0,0,0,0,0,0
2020-09-11,2,0,0,0,8,0,0,0,0,0,0,0,0,0,0,0
2020-09-12,1,0,0,0,5,0,0,0,0,0,0,0,0,0,0,0
2020-09-13,0,0,0,0,2,0,0,0,0,0,0,0,0,0,0,0
2020-09-14,1,0,0,0,0,0,0,0,0,0,0,0,0,0,0,0
2020-09-16,0,0,0,0,3,0,0,0,0,0,0,0,0,0,0,0
2020-09-18,0,0,0,0,2,0,0,0,0,0,0,0,0,0,0,0
2020-09-19,0,0,0,0,3,0,0,0,0,0,0,0,0,0,0,0
2020-09-20,0,0,0,0,2,0,0,0,0,0,0,0,0,0,0,0
2020-09-21,0,0,0,0,1,0,0,0,0,0,0,0,0,0,0,0
2020-09-22,0,0,0,0,1,0,0,0,0,0,0,0,0,0,0,0
2020-09-23,1,0,0,0,0,0,0,0,0,0,0,0,0,0,0,0
2020-09-24,0,0,0,0,2,0,0,0,0,0,0,0,0,0,0,0
2020-09-25,0,0,0,0,3,0,0,1,0,0,0,0,0,0,0,0
2020-09-26,0,0,0,0,2,0,0,0,0,0,0,0,0,0,0,0
2020-09-27,0,0,0,0,2,0,0,0,0,0,0,0,0,0,0,0
2020-09-28,0,0,0,0,8,0,0,0,0,0,0,0,0,0,0,0
2020-09-29,0,0,0,0,3,0,0,0,0,0,0,0,0,0,0,0
2020-09-30,0,0,1,0,4,0,0,0,0,0,0,0,0,0,0,0
2020-10-01,0,0,1,0,5,0,0,0,0,0,0,0,0,0,0,0
2020-10-02,0,0,0,0,1,0,0,0,0,0,0,0,0,0,0,0
2020-10-03,1,0,0,0,4,0,0,0,0,0,0,0,0,0,0,0
2020-10-05,1,0,0,0,2,0,0,0,0,0,0,0,0,0,0,0
2020-10-06,0,0,0,0,3,0,0,0,0,0,0,0,0,0,0,0
2020-10-08,0,0,0,0,1,0,0,0,0,0,0,0,0,0,0,0
2020-10-11,0,0,0,0,76,0,0,0,0,0,0,0,0,0,0,0
2020-10-12,0,0,0,0,18,0,0,0,0,0,0,0,0,0,0,0
2020-10-13,0,0,0,0,20,0,0,0,0,0,0,0,0,0,0,0
2020-10-14,0,0,0,0,14,0,0,0,0,0,0,0,0,0,0,0
2020-10-15,0,0,0,0,4,0,0,0,0,0,0,0,0,0,0,0
2020-10-19,0,0,0,0,2,0,0,0,0,0,0,0,0,0,0,0
2020-10-20,0,0,0,0,3,0,0,0,0,0,0,0,0,0,0,0
2020-10-21,5,0,0,0,2,0,0,0,0,0,0,0,0,0,0,0
2020-10-22,0,0,0,0,2,0,0,0,0,0,0,0,0,0,0,0
2020-10-23,0,0,0,0,1,0,0,0,0,0,0,0,0,0,0,0
2020-10-25,0,0,0,0,6,0,0,0,0,0,0,0,0,0,0,0
2020-10-26,0,0,0,0,5,0,0,0,0,0,0,0,0,0,0,0
2020-10-27,0,0,0,0,1,0,0,0,0,0,0,0,0,0,0,0
2020-10-28,2,0,1,0,0,0,0,0,0,0,0,0,0,0,0,0
2020-10-29,1,1,0,0,2,0,0,1,0,0,0,0,0,0,0,0
2020-10-30,0,0,0,0,1,0,0,0,0,0,0,0,0,0,0,0
2020-11-02,0,0,0,0,2,0,0,0,0,0,0,0,0,0,0,0
2020-11-04,1,0,0,0,0,0,0,0,0,0,0,0,0,0,0,0
2020-11-05,0,1,0,0,0,0,0,0,0,0,0,0,0,0,0,0
2020-11-06,0,0,0,0,3,0,0,0,0,0,0,0,0,0,0,0
2020-11-07,0,0,0,0,1,0,0,0,0,0,0,0,0,0,0,0
2020-11-08,0,0,0,0,2,0,0,0,0,0,0,0,0,0,0,0
2020-11-09,0,0,0,0,16,0,0,0,0,0,0,0,0,0,0,0
2020-11-10,0,0,0,0,2,0,0,0,0,0,0,0,0,0,0,0
2020-11-11,0,0,0,0,1,0,0,0,0,0,0,0,0,0,0,0
2020-11-12,0,0,0,0,1,0,0,0,0,0,0,0,0,0,0,0
2020-11-13,0,0,0,0,2,0,0,0,0,0,0,0,0,0,0,0
2020-11-15,0,0,0,0,2,0,0,0,0,0,0,0,0,0,0,0
2020-11-16,0,0,0,0,1,0,0,0,0,0,0,0,0,0,0,0
2020-11-17,0,0,0,0,5,0,0,0,0,0,0,0,0,0,0,0
2020-11-18,1,0,0,0,0,0,0,0,0,0,0,0,0,0,0,0
2020-11-19,1,0,0,0,4,0,0,0,0,0,0,0,0,0,0,0
2020-11-20,0,0,0,0,1,0,0,0,0,0,0,0,0,0,0,0
2020-11-21,0,0,0,0,2,0,0,0,0,0,0,0,0,0,0,0
2020-11-22,0,0,0,0,3,0,0,0,0,0,0,0,0,0,0,0
2020-11-23,0,0,0,0,1,0,0,0,2,0,0,0,0,0,0,0
2020-11-24,0,0,0,0,2,0,0,0,0,0,0,0,0,0,0,0
2020-11-25,0,0,0,0,1,0,0,0,0,0,0,0,0,0,0,0
2020-11-27,0,0,0,0,2,0,0,0,0,0,0,0,0,0,0,0
2020-11-28,0,0,0,0,2,0,0,0,0,0,0,0,0,0,0,0
2020-11-29,0,0,0,0,2,0,0,0,0,0,0,0,0,0,0,0
2020-12-01,0,0,0,0,6,0,0,0,0,0,0,0,0,0,0,0
2020-12-04,1,0,0,0,0,0,0,0,0,0,0,0,0,0,0,0
2020-12-05,1,0,0,0,1,0,0,0,0,0,0,0,0,0,0,0
2020-12-06,0,0,0,0,2,0,0,0,0,0,0,0,0,0,0,0
2020-12-08,0,0,0,0,1,0,0,0,0,0,0,0,0,0,0,0
2020-12-09,0,1,0,0,0,0,0,0,0,0,0,0,0,0,0,0
2020-12-10,0,0,0,0,1,0,0,0,0,0,0,0,0,0,0,0
2020-12-13,0,0,0,0,2,0,0,0,0,0,0,0,0,0,0,0
2020-12-14,1,0,0,0,1,0,0,0,0,0,0,0,0,0,0,0
2020-12-15,0,0,0,0,2,0,0,0,0,0,0,0,0,0,0,0
2020-12-16,0,0,0,0,1,0,0,0,0,0,0,0,0,0,0,0
2020-12-17,1,0,0,0,1,0,0,0,0,0,0,0,0,0,0,0
2020-12-21,0,0,0,0,1,0,0,0,0,0,0,0,0,0,0,0
2020-12-22,0,0,0,0,1,0,0,0,0,0,0,0,0,0,0,0
2020-12-23,0,0,0,0,1,0,0,1,0,0,0,0,0,0,0,0
2020-12-26,0,0,0,0,1,0,0,0,0,0,0,0,0,0,0,0
2020-12-28,0,0,0,0,1,0,0,0,1,0,0,0,0,0,0,0
2020-12-29,0,0,0,0,2,0,0,0,0,0,0,0,0,0,0,1
2020-12-31,1,0,0,0,0,0,0,0,0,0,0,0,0,0,0,0
2021-01-01,0,0,1,0,1,0,0,0,0,0,0,0,0,0,0,0
2021-01-05,0,0,0,0,1,0,0,0,0,0,0,0,0,0,0,0
2021-01-08,1,1,0,0,2,0,0,0,0,0,0,0,0,0,0,0
2021-01-13,3,0,0,0,0,0,0,0,0,0,0,0,0,0,0,0
2021-01-14,2,0,0,0,4,0,0,0,0,0,0,0,0,0,0,0
2021-01-15,0,0,0,0,5,0,0,0,0,0,0,0,0,0,0,0
2021-01-16,1,0,0,0,0,0,0,0,0,0,0,0,0,0,0,0
2021-01-18,2,0,0,0,3,0,0,0,0,0,0,0,0,0,0,0
2021-01-19,6,0,1,0,1,0,0,0,0,0,0,0,0,0,0,0
2021-01-21,0,1,0,0,0,0,0,0,0,0,0,0,0,0,0,0
2021-01-22,1,1,0,0,1,0,0,0,0,0,0,0,0,0,0,0
2021-01-24,1,0,0,0,0,0,0,0,0,0,0,0,0,0,0,0
2021-01-25,0,0,0,0,1,0,0,0,0,0,0,0,0,0,0,0
2021-01-26,0,0,0,0,1,0,0,0,0,0,0,0,0,0,0,0
2021-01-27,6,0,0,0,0,0,0,0,0,0,0,0,0,0,0,0
2021-01-29,0,1,0,0,3,0,0,0,0,0,0,0,0,0,0,0
2021-01-31,0,0,0,0,2,0,0,0,0,0,0,0,0,0,0,0
2021-02-01,0,0,0,0,2,0,0,0,0,0,0,0,0,0,0,0
2021-02-02,0,1,0,0,0,0,0,0,0,0,0,0,0,0,0,0
2021-02-03,2,0,0,0,1,0,0,0,0,0,0,0,0,0,0,0
2021-02-04,0,0,0,0,2,0,0,0,0,0,0,0,0,0,0,0
2021-02-05,1,0,0,0,0,0,0,0,0,0,0,0,0,0,0,0
2021-02-09,1,0,0,0,0,0,0,0,0,0,0,0,0,0,0,0
2021-02-10,0,0,0,0,1,0,0,0,0,0,0,0,0,0,0,0
2021-02-11,1,0,0,0,0,0,0,0,0,0,0,0,0,0,0,0
2021-02-12,0,0,1,0,0,0,0,0,0,0,0,0,0,0,0,0
2021-02-13,0,0,0,0,1,0,0,0,0,0,0,0,0,0,0,0
2021-02-14,0,0,0,0,2,0,0,0,0,0,0,0,0,0,0,0
2021-02-15,0,0,0,0,1,0,0,0,0,0,0,0,0,0,0,0
2021-02-18,6,0,0,0,2,0,0,0,0,0,0,0,0,0,0,0
2021-02-19,1,0,0,0,0,0,0,0,0,0,0,0,0,0,0,0
2021-02-20,0,0,0,0,2,0,0,0,0,0,0,0,0,0,0,0
2021-02-21,1,0,0,0,3,0,0,0,0,0,0,0,0,0,0,0
2021-02-22,0,1,0,0,7,0,0,0,0,0,0,0,0,0,0,0
2021-02-23,0,2,0,0,3,0,0,0,0,0,0,0,0,0,0,0
2021-02-24,0,0,0,0,2,0,0,0,0,0,0,0,0,0,0,0
2021-02-25,0,0,0,0,2,0,0,0,0,0,0,0,0,0,0,0
2021-02-27,0,1,0,0,0,0,0,0,0,0,0,0,0,0,0,0
2021-03-01,0,0,0,0,6,0,0,0,0,0,0,0,0,0,0,0
2021-03-03,0,0,0,0,1,0,0,0,0,0,0,0,0,0,0,0
2021-03-05,1,0,0,0,1,0,0,0,0,0,0,0,0,0,0,0
2021-03-06,2,0,0,0,0,0,0,0,0,0,0,0,0,0,0,0
2021-03-07,0,0,0,0,1,0,0,0,0,0,0,0,0,0,0,0
